{
  "archetype": "lucario",
  "feat_names": [
    "type_7",
    "type_8",
    "type_9",
    "type_10",
    "type_11",
    "type_12",
    "type_13",
    "type_14",
    "play_basic_room",
    "play_supporter",
    "play_item",
    "play_tool",
    "play_stadium",
    "attach_progress",
    "attach_active",
    "evolve_ready",
    "atk_lethal",
    "atk_dmgfrac",
    "atk_weak"
  ],
  "n_feat": 19,
  "weights": [
    0.4165914070720758,
    -0.3010956627607288,
    0.09357338879183914,
    0.03575069874517544,
    0.0,
    -0.19065773413859258,
    0.018588197507062674,
    -0.13733368613521466,
    -0.09742178385371297,
    -0.005680952267431208,
    -0.030422675087620553,
    0.0,
    -0.02694047455511649,
    0.0008972082514973963,
    0.32334573920223936,
    0.0753287747825354,
    -0.06291600585229029,
    0.1141689565509715,
    0.014280886973984025
  ],
  "mu": [
    0.28319910646052554,
    0.29207571571336194,
    0.03762271471400858,
    0.006819117041914056,
    0.0,
    0.04126741520192816,
    0.07583328434542355,
    0.08612074540003527,
    0.01497854329551439,
    0.08856034330727176,
    0.11927576274175533,
    0.0,
    0.028657927223561225,
    0.1928115141183156,
    0.06792663570630768,
    0.013843983304920624,
    0.05131973428957733,
    0.06543534957182776,
    0.011551349127035447
  ],
  "sd": [
    0.45055229725368534,
    0.45471693613038094,
    0.19028201715229362,
    0.08229590928278571,
    1.0,
    0.19890805826932137,
    0.26473117937036783,
    0.28054226528606413,
    0.08005621855143513,
    0.28410809369064705,
    0.3241127198430831,
    1.0,
    0.1668431911430874,
    0.3717960182559228,
    0.2516199671487517,
    0.07758620485350898,
    0.22064908602128963,
    0.23848778995604936,
    0.1068546464145496
  ],
  "n_groups": 4906,
  "n_games": 110,
  "n_train_groups": 3960,
  "n_test_groups": 946,
  "holdout_top1": 0.30761099365750527,
  "v4_holdout_top1": 0.2758985200845666,
  "random_baseline": 0.16654481142481584,
  "lift_vs_v4": 0.03171247357293866,
  "avg_options": 8.848837209302326
}