{
  "archetype": "alakazam",
  "feat_names": [
    "type_7",
    "type_8",
    "type_9",
    "type_10",
    "type_11",
    "type_12",
    "type_13",
    "type_14",
    "play_basic_room",
    "play_supporter",
    "play_item",
    "play_tool",
    "play_stadium",
    "attach_progress",
    "attach_active",
    "evolve_ready",
    "atk_lethal",
    "atk_dmgfrac",
    "atk_weak"
  ],
  "n_feat": 19,
  "weights": [
    0.5859335547675358,
    -0.3537624592772819,
    0.07121663850577555,
    0.07720942082181745,
    0.0,
    -0.1964192454548211,
    -0.048894679853929396,
    -0.292675435357685,
    -0.14271031240268228,
    -0.03597571912162718,
    -0.17954490858098834,
    0.0,
    -0.1595339511091612,
    -0.06996513214008036,
    0.5358895567284246,
    0.03876544233843523,
    -0.036805109540731046,
    0.018473833216458718,
    0.011550729110894322
  ],
  "mu": [
    0.25424544517016157,
    0.31756617394293574,
    0.08539016844276384,
    0.0376074252320385,
    0.0,
    0.03829494671708491,
    0.03513234788587143,
    0.07768992781024407,
    0.014795462358198692,
    0.10223444482640083,
    0.09364042626332073,
    0.0,
    0.022825713303540735,
    0.16338948092127825,
    0.07232726022688209,
    0.02876589893434204,
    6.875214850464078e-05,
    0.0031284232923599244,
    0.004262633207287728
  ],
  "sd": [
    0.4354362166613644,
    0.46552969734508004,
    0.2794614241287594,
    0.1902448601130987,
    1.0,
    0.1919073833207709,
    0.1841142743458729,
    0.2676830269686343,
    0.08731746328779029,
    0.3029563716403089,
    0.291327816784745,
    1.0,
    0.1493475815529963,
    0.34055536135071235,
    0.25902900929227307,
    0.11096140626680465,
    0.008291406493876998,
    0.03295410667672839,
    0.06514954462948434
  ],
  "n_groups": 2082,
  "n_games": 73,
  "n_train_groups": 1656,
  "n_test_groups": 426,
  "holdout_top1": 0.47183098591549294,
  "v4_holdout_top1": 0.4788732394366197,
  "random_baseline": 0.21650792261345317,
  "lift_vs_v4": -0.007042253521126751,
  "avg_options": 8.147887323943662
}