{
  "archetype": "dwebble_crustle",
  "feat_names": [
    "type_7",
    "type_8",
    "type_9",
    "type_10",
    "type_11",
    "type_12",
    "type_13",
    "type_14",
    "play_basic_room",
    "play_supporter",
    "play_item",
    "play_tool",
    "play_stadium",
    "attach_progress",
    "attach_active",
    "evolve_ready",
    "atk_lethal",
    "atk_dmgfrac",
    "atk_weak"
  ],
  "n_feat": 19,
  "weights": [
    0.4130239157394271,
    -0.2753607545891673,
    0.16327320576962975,
    0.13690791944630365,
    0.0,
    -0.20492922623776857,
    0.2549970945874581,
    -0.23946495276298538,
    0.035636423825958614,
    0.029015311175237143,
    0.053190705691091376,
    0.0,
    0.014541495964398202,
    -0.03841430132275199,
    0.6374663253459935,
    0.07347152203683822,
    -0.03747914120700874,
    0.07925326867648294,
    -0.0006828147748284871
  ],
  "mu": [
    0.1571682254054694,
    0.356386882917012,
    0.026021072570143248,
    0.009044631230022493,
    0.0,
    0.06362022019651947,
    0.08893098141351959,
    0.127856043565763,
    0.015300106546702975,
    0.07380134959157097,
    0.05346276784657275,
    0.0,
    0.006937374215697881,
    0.09058837457085521,
    0.1390789629454244,
    0.009750207174144772,
    0.0361548478749852,
    0.06263650529773716,
    0.01304605185272878
  ],
  "sd": [
    0.3639593031211033,
    0.4789313861103617,
    0.15919791566617544,
    0.09467220223457926,
    1.0,
    0.24407516829583195,
    0.2846440970025887,
    0.3339294471731753,
    0.10563310921429082,
    0.2614473376993637,
    0.22495444050026434,
    1.0,
    0.08300148826792944,
    0.25351367114679624,
    0.3460289077685067,
    0.06878004132836155,
    0.18667531933843115,
    0.22554383454333657,
    0.11347181316863415
  ],
  "n_groups": 8855,
  "n_games": 427,
  "n_train_groups": 6906,
  "n_test_groups": 1949,
  "holdout_top1": 0.5879938429964084,
  "v4_holdout_top1": 0.5756798358132376,
  "random_baseline": 0.25597913228682695,
  "lift_vs_v4": 0.012314007183170883,
  "avg_options": 5.839917906618779
}